{
  "solver": "matlab_ode45",
  "device": "cpu",
  "num_rounds": 5,
  "benchmarks": [
    {
      "n": 5000,
      "round_times": [5.470478, 5.438591, 5.4284618, 5.6958554, 7.0994117],
      "mean_time": 5.82655958,
      "std_time": 0.71990132226253911,
      "min_time": 5.4284618,
      "max_time": 7.0994117
    },
    {
      "n": 10000,
      "round_times": [
        12.3077076, 11.3161468, 11.3938095, 11.6709169, 11.4983578
      ],
      "mean_time": 11.637387720000001,
      "std_time": 0.39758909191233743,
      "min_time": 11.3161468,
      "max_time": 12.3077076
    },
    {
      "n": 100000,
      "round_times": [
        105.0758904, 101.8612736, 101.3499956, 101.4993331, 101.502308
      ],
      "mean_time": 102.25776014,
      "std_time": 1.5865856193130596,
      "min_time": 101.3499956,
      "max_time": 105.0758904
    }
  ]
}
