{
  "system_name": "friction",
  "case_name": "defaults",
  "parameter_value": null,
  "matthews_corrcoef": 1.0,
  "attractors": [
    {
      "label": "LC",
      "python_bs": 0.688,
      "python_se": 0.006552190473421846,
      "matlab_bs": 0.688,
      "matlab_se": 0.006552190473421846
    },
    {
      "label": "FP",
      "python_bs": 0.312,
      "python_se": 0.006552190473421846,
      "matlab_bs": 0.312,
      "matlab_se": 0.006552190473421846
    }
  ]
}