{
  "system_name": "pendulum",
  "case_name": "defaults",
  "parameter_value": null,
  "matthews_corrcoef": 1.0,
  "attractors": [
    {
      "label": "LC",
      "python_bs": 0.848,
      "python_se": 0.0035902089075707,
      "matlab_bs": 0.848,
      "matlab_se": 0.0035902089075707006
    },
    {
      "label": "FP",
      "python_bs": 0.152,
      "python_se": 0.0035902089075706997,
      "matlab_bs": 0.152,
      "matlab_se": 0.0035902089075707
    }
  ]
}