{
  "timestamp": "2025-12-09 14:56:33",
  "solver": "torchode_tsit5",
  "device": "cuda",
  "parallel": true,
  "n_samples": 10000,
  "completed_samples": 10000,
  "elapsed_seconds": 113.43346291300008,
  "time_per_integration_ms": 11.343346291300008,
  "integration_complete": true,
  "rtol": 1e-08,
  "atol": 1e-06,
  "basin_stability": {
    "FP": {
      "count": 1527,
      "fraction": 0.1527,
      "percentage": 15.27,
      "std_error": 0.0035969808172966393
    },
    "LC": {
      "count": 8473,
      "fraction": 0.8473,
      "percentage": 84.73,
      "std_error": 0.003596980817296639
    },
    "total_samples": 10000
  },
  "verification": {
    "overall_pass": true,
    "FP": {
      "measured": 0.1527,
      "expected_range": [
        0.141,
        0.163
      ],
      "pass": true
    },
    "LC": {
      "measured": 0.8473,
      "expected_range": [
        0.837,
        0.859
      ],
      "pass": true
    }
  },
  "basin_stability_succeeded": true,
  "git_commit": "c1b0c510a341048c891957599596c72fc16967f3"
}